{
  "subjects": {
    "mathematics": {
      "name": "Mathematics",
      "icon": "📐",
      "color": "#2D5A3D",
      "topics": {
        "class_6": ["Integers", "Fractions", "Decimals", "Data Handling", "Mensuration", "Algebra", "Ratio and Proportion", "Symmetry", "Practical Geometry"],
        "class_7": ["Integers", "Fractions and Decimals", "Data Handling", "Simple Equations", "Lines and Angles", "Triangles", "Congruence", "Comparing Quantities", "Rational Numbers", "Practical Geometry", "Perimeter and Area", "Algebraic Expressions", "Exponents and Powers"],
        "class_8": ["Rational Numbers", "Linear Equations", "Quadrilaterals", "Practical Geometry", "Data Handling", "Squares and Square Roots", "Cubes and Cube Roots", "Comparing Quantities", "Algebraic Expressions", "Mensuration", "Exponents and Powers", "Direct and Inverse Proportions", "Factorisation"],
        "class_9": ["Number Systems", "Polynomials", "Coordinate Geometry", "Linear Equations", "Euclid's Geometry", "Lines and Angles", "Triangles", "Quadrilaterals", "Areas of Parallelograms", "Circles", "Constructions", "Heron's Formula", "Surface Areas and Volumes", "Statistics", "Probability"],
        "class_10": ["Real Numbers", "Polynomials", "Linear Equations", "Quadratic Equations", "Arithmetic Progressions", "Triangles", "Coordinate Geometry", "Trigonometry", "Circles", "Constructions", "Areas Related to Circles", "Surface Areas and Volumes", "Statistics", "Probability"]
      }
    },
    "science": {
      "name": "Science", 
      "icon": "🔬",
      "color": "#C4704A",
      "topics": {
        "class_6": ["Food: Where Does It Come From?", "Components of Food", "Fibre to Fabric", "Sorting Materials Into Groups", "Separation of Substances", "Changes Around Us", "Getting to Know Plants", "Body Movements", "The Living Organisms", "Motion and Measurement", "Light, Shadows and Reflections", "Electricity and Circuits", "Fun with Magnets", "Water", "Air Around Us"],
        "class_7": ["Nutrition in Plants", "Nutrition in Animals", "Fibre to Fabric", "Heat", "Acids, Bases and Salts", "Physical and Chemical Changes", "Weather, Climate and Adaptations", "Winds, Storms and Cyclones", "Soil", "Respiration in Organisms", "Transportation in Animals and Plants", "Reproduction in Plants", "Motion and Time", "Electric Current and Its Effects", "Light", "Water: A Precious Resource", "Forests: Our Lifeline", "Wastewater Story"],
        "class_8": ["Crop Production and Management", "Microorganisms", "Synthetic Fibres and Plastics", "Materials: Metals and Non-metals", "Coal and Petroleum", "Combustion and Flame", "Conservation of Plants and Animals", "Cell Structure and Functions", "Reproduction in Animals", "Reaching the Age of Adolescence", "Force and Pressure", "Friction", "Sound", "Chemical Effects of Electric Current", "Some Natural Phenomena", "Light", "Stars and the Solar System", "Pollution of Air and Water"],
        "class_9": ["Matter in Our Surroundings", "Is Matter Around Us Pure?", "Atoms and Molecules", "Structure of the Atom", "The Fundamental Unit of Life", "Tissues", "Diversity in Living Organisms", "Motion", "Force and Laws of Motion", "Gravitation", "Work and Energy", "Sound", "Why Do We Fall Ill?", "Natural Resources", "Improvement in Food Resources"],
        "class_10": ["Chemical Reactions and Equations", "Acids, Bases and Salts", "Metals and Non-metals", "Carbon and Its Compounds", "Periodic Classification of Elements", "Life Processes", "Control and Coordination", "How Do Organisms Reproduce?", "Heredity and Evolution", "Light: Reflection and Refraction", "The Human Eye and Colourful World", "Electricity", "Magnetic Effects of Electric Current", "Sources of Energy", "Our Environment", "Management of Natural Resources"]
      }
    },
    "english": {
      "name": "English",
      "icon": "📚", 
      "color": "#D4A574",
      "topics": {
        "class_6": ["Reading Comprehension", "Grammar - Nouns", "Grammar - Verbs", "Grammar - Adjectives", "Grammar - Tenses", "Writing Skills", "Vocabulary", "Pronunciation"],
        "class_7": ["Reading Comprehension", "Grammar - Parts of Speech", "Grammar - Tenses", "Grammar - Active and Passive Voice", "Writing Skills", "Literature", "Vocabulary Development"],
        "class_8": ["Reading Comprehension", "Advanced Grammar", "Writing Skills", "Literature Analysis", "Creative Writing", "Vocabulary Enhancement", "Communication Skills"],
        "class_9": ["Reading Skills", "Advanced Grammar", "Writing Techniques", "Literature", "Poetry Analysis", "Essay Writing", "Debate and Discussion"],
        "class_10": ["Literature Analysis", "Creative Writing", "Grammar Mastery", "Essay Writing", "Poetry", "Drama", "Advanced Reading Comprehension"]
      }
    },
    "social_studies": {
      "name": "Social Studies",
      "icon": "🌍",
      "color": "#4A5568",
      "topics": {
        "class_6": ["What, Where, How and When?", "On the Trial of the Earliest People", "From Gathering to Growing Food", "In the Earliest Cities", "What Books and Burials Tell Us", "Kingdoms, Kings and an Early Republic", "New Questions and Ideas", "Ashoka, the Emperor Who Gave Up War", "Vital Villages, Thriving Towns", "Traders, Kings and Pilgrims", "New Empires and Kingdoms", "Buildings, Paintings and Books"],
        "class_7": ["Tracing Changes Through a Thousand Years", "New Kings and Kingdoms", "The Delhi Sultans", "The Mughal Empire", "Rulers and Buildings", "Towns, Traders and Craftspersons", "Tribes, Nomads and Settled Communities", "Devotional Paths to the Divine", "The Making of Regional Cultures", "Eighteenth-Century Political Formations"],
        "class_8": ["How, When and Where", "From Trade to Territory", "Ruling the Countryside", "Tribals, Dikus and the Vision of a Golden Age", "When People Rebel", "Colonialism and the City", "Weavers, Iron Smelters and Factory Owners", "Civilising the Native, Educating the Nation", "Women, Caste and Reform", "The Changing World of Visual Arts", "The Making of the National Movement", "India After Independence"],
        "class_9": ["The French Revolution", "Socialism in Europe and the Russian Revolution", "Nazism and the Rise of Hitler", "Forest Society and Colonialism", "Pastoralists in the Modern World", "Peasants and Farmers", "History and Sport: The Story of Cricket", "Clothing: A Social History"],
        "class_10": ["The Rise of Nationalism in Europe", "Nationalism in India", "The Making of a Global World", "The Age of Industrialisation", "Print Culture and the Modern World", "Novels, Society and History"]
      }
    },
    "hindi": {
      "name": "Hindi",
      "icon": "📖",
      "color": "#E8A598",
      "topics": {
        "class_6": ["व्याकरण - संज्ञा", "व्याकरण - क्रिया", "व्याकरण - विशेषण", "पठन कौशल", "लेखन कौशल", "शब्दावली", "उच्चारण"],
        "class_7": ["व्याकरण - पूर्वसर्ग और संयोजक", "व्याकरण - कारक", "पठन और लेखन कौशल", "साहित्य", "शब्दावली विकास"],
        "class_8": ["व्याकरण - अलंकार", "व्याकरण - समास", "पठन कौशल", "लेखन कौशल", "साहित्य अध्ययन", "रचनात्मक लेखन"],
        "class_9": ["व्याकरण - संधि और समास", "पठन कौशल", "लेखन कौशल", "साहित्य", "निबंध लेखन", "कविता विश्लेषण"],
        "class_10": ["व्याकरण मastery", "साहित्य विश्लेषण", "निबंध लेखन", "कहानी लेखन", "पत्र लेखन", "कविता और नाटक"]
      }
    }
  },
  "diagnostic_assessment": {
    "question_types": {
      "conceptual": "Tests understanding of fundamental concepts",
      "application": "Tests ability to apply concepts to solve problems", 
      "analysis": "Tests analytical and problem-solving skills",
      "synthesis": "Tests ability to combine multiple concepts"
    },
    "weakness_indicators": {
      "accuracy_threshold": 0.6,
      "time_threshold": 120,
      "hint_usage_threshold": 0.5,
      "confidence_threshold": 0.4
    },
    "recommendation_weights": {
      "accuracy": 0.4,
      "speed": 0.2,
      "consistency": 0.2,
      "confidence": 0.2
    }
  },
  "learning_paths": {
    "remedial": {
      "description": "Focus on fundamental concepts with extra practice",
      "difficulty_curve": "gradual",
      "practice_intensity": "high",
      "review_frequency": "frequent"
    },
    "standard": {
      "description": "Balanced approach with moderate challenge",
      "difficulty_curve": "moderate", 
      "practice_intensity": "medium",
      "review_frequency": "regular"
    },
    "accelerated": {
      "description": "Fast-paced with challenging problems",
      "difficulty_curve": "steep",
      "practice_intensity": "medium",
      "review_frequency": "occasional"
    }
  }
}